,epochs,t_loss,t_acc,t_iou,v_loss,v_acc,v_iou
0,0,0.17114142256860548,0.9426380395889282,0.3404000699520111,0.17834340035915375,0.9363804459571838,0.26369282603263855
1,1,0.16405510088691536,0.9417977333068848,0.35456013679504395,0.1832582950592041,0.9332609176635742,0.2818484902381897
2,2,0.15343510528477147,0.9471065998077393,0.3695882260799408,0.1721365749835968,0.9396133422851562,0.2637943625450134
3,3,0.15935499105268183,0.9454671740531921,0.3574463427066803,0.1641104370355606,0.9419518709182739,0.22626300156116486
4,4,0.1536772926636518,0.9474449157714844,0.37455546855926514,0.15585000813007355,0.943264901638031,0.24791987240314484
5,5,0.14370862452181962,0.9501729011535645,0.3844577670097351,0.1571141928434372,0.9437054395675659,0.21953310072422028
6,6,0.14126055089768785,0.950781524181366,0.380562424659729,0.14794407784938812,0.9452871084213257,0.2686435580253601
7,7,0.1401835441446075,0.9505885243415833,0.3825266361236572,0.14731840789318085,0.9452635049819946,0.2544061541557312
8,8,0.1393910198687361,0.9511440396308899,0.35501861572265625,0.14539901912212372,0.9446258544921875,0.22909501194953918
9,9,0.14487558947756696,0.9468644261360168,0.3747117817401886,0.16234691441059113,0.9412283897399902,0.23164798319339752
10,10,0.14840075461110339,0.9450393915176392,0.39236006140708923,0.15119491517543793,0.9416553974151611,0.21072645485401154
11,11,0.14027074587423927,0.9516445994377136,0.38335323333740234,0.1571369767189026,0.9415407776832581,0.21775925159454346
12,12,0.13483606059199724,0.9510585069656372,0.37218061089515686,0.1418873816728592,0.9465410113334656,0.25825628638267517
13,13,0.1361678676942411,0.9518048167228699,0.3702302873134613,0.14038404822349548,0.9457132816314697,0.24411547183990479
14,14,0.13096974834722155,0.9526199102401733,0.37978416681289673,0.1423703134059906,0.9451810121536255,0.2412007600069046
15,15,0.12872610989516267,0.954246997833252,0.40367433428764343,0.15597109496593475,0.9484771490097046,0.30365148186683655
16,16,0.12687233133384815,0.9542766809463501,0.4098372757434845,0.14180967211723328,0.9457718729972839,0.2403094470500946
17,17,0.12652789873148626,0.9549290537834167,0.3986882269382477,0.14252018928527832,0.9445485472679138,0.22899684309959412
18,18,0.13357878711749202,0.952326774597168,0.4092189371585846,0.13967563211917877,0.9487208724021912,0.2704872786998749
19,19,0.1252615129416928,0.955142617225647,0.3939335346221924,0.13380487263202667,0.9488146305084229,0.2709673047065735
20,20,0.12786097675024605,0.9540330171585083,0.3959011137485504,0.13395801186561584,0.9481122493743896,0.28029748797416687
21,21,0.12176390401033971,0.9558918476104736,0.43208783864974976,0.139620840549469,0.9456687569618225,0.2523253262042999
22,22,0.12447383884006204,0.954292893409729,0.39645954966545105,0.13061025738716125,0.9507877826690674,0.2933942973613739
23,23,0.11469636372445773,0.9584681391716003,0.4173702001571655,0.12810920178890228,0.950051486492157,0.2877044081687927
24,24,0.1181680942670657,0.9559243321418762,0.4149755835533142,0.13742589950561523,0.9520111083984375,0.32408976554870605
25,25,0.116996173791659,0.9575338959693909,0.42770811915397644,0.1357184499502182,0.9470371603965759,0.2726326286792755
26,26,0.118697283249229,0.9560156464576721,0.43190300464630127,0.12641850113868713,0.9519667029380798,0.2925834655761719
27,27,0.11830291990787746,0.9564594626426697,0.41069358587265015,0.12508165836334229,0.9521445631980896,0.303512305021286
28,28,0.11294484025804707,0.9579113125801086,0.4368281662464142,0.13730520009994507,0.9498850703239441,0.2788568139076233
29,29,0.11939591274429591,0.9558014869689941,0.42979779839515686,0.133223295211792,0.9483188390731812,0.27626127004623413
30,30,0.10971965430937229,0.9597036242485046,0.4333619475364685,0.1245410367846489,0.9517320990562439,0.28305232524871826
31,31,0.10768621990110916,0.9607405066490173,0.4428394138813019,0.1520339846611023,0.9434157609939575,0.2103656828403473
32,32,0.1076086422156853,0.9588953852653503,0.44147947430610657,0.12240416556596756,0.953141450881958,0.3033882677555084
33,33,0.11252951692604722,0.9591109752655029,0.4395342171192169,0.2171747237443924,0.9272337555885315,0.31457555294036865
34,34,0.12450691517024563,0.9551873207092285,0.41548535227775574,0.12279666215181351,0.9548194408416748,0.322537899017334
35,35,0.11075930617069109,0.959602952003479,0.44821980595588684,0.1280766725540161,0.9532896280288696,0.3233095109462738
36,36,0.10951829595246519,0.959230363368988,0.4610716998577118,0.12150605767965317,0.9523751139640808,0.31766051054000854
37,37,0.11051958782944638,0.9588419795036316,0.4367523193359375,0.13565845787525177,0.9501110315322876,0.2701652944087982
38,38,0.10882788837308255,0.9596771001815796,0.4324304759502411,0.14204908907413483,0.9459310173988342,0.2465977668762207
39,39,0.10343640090566343,0.9627724885940552,0.4413596987724304,0.11850376427173615,0.9552623629570007,0.3058784306049347
40,40,0.10270984467859261,0.9624128341674805,0.44820523262023926,0.11932849138975143,0.9548498392105103,0.32562533020973206
41,41,0.10426098347092286,0.9619213938713074,0.46677589416503906,0.13494811952114105,0.9513882398605347,0.3021509349346161
42,42,0.1016868142461858,0.9629284143447876,0.44179922342300415,0.12360648810863495,0.9562909603118896,0.3244918882846832
43,43,0.09876110386819793,0.9635196924209595,0.4347826838493347,0.11931157857179642,0.9539365768432617,0.30538707971572876
44,44,0.09884087308996524,0.9633961319923401,0.4567807614803314,0.12202771008014679,0.9529321193695068,0.2861601710319519
45,45,0.09925118628411721,0.9633007645606995,0.47055962681770325,0.11587188392877579,0.9549879431724548,0.30493655800819397
46,46,0.09928017982001154,0.9633263945579529,0.4486345648765564,0.12217767536640167,0.9546580910682678,0.36752986907958984
47,47,0.10386385177769579,0.9609665870666504,0.4558764696121216,0.12002961337566376,0.9537695646286011,0.32336679100990295
48,48,0.10095315087789622,0.9635374546051025,0.47464898228645325,0.11258834600448608,0.9573541879653931,0.3611513674259186
49,49,0.10016704730104464,0.9636898636817932,0.46653252840042114,0.11792872101068497,0.9544472098350525,0.3407769203186035
50,50,0.10201527413356906,0.9619807600975037,0.46705520153045654,0.14819490909576416,0.945842444896698,0.32858210802078247
51,51,0.10234190828990765,0.9628583788871765,0.4323999583721161,0.11293318122625351,0.9562301635742188,0.35298871994018555
52,52,0.09333589384690501,0.9658076167106628,0.46858108043670654,0.11371484398841858,0.956527829170227,0.38570263981819153
53,53,0.09037576263877921,0.9666093587875366,0.44986897706985474,0.11063584685325623,0.9578853249549866,0.3688995838165283
54,54,0.09023633565028341,0.9666601419448853,0.46335312724113464,0.11598232388496399,0.9539332389831543,0.3552532196044922
55,55,0.09181761055310161,0.9665154814720154,0.48971593379974365,0.12028610706329346,0.9541752934455872,0.3259066045284271
56,56,0.10131124738836661,0.9635137319564819,0.4574013352394104,0.1347498595714569,0.948675274848938,0.31228968501091003
57,57,0.10101783861859868,0.9639361500740051,0.4349114000797272,0.1122845858335495,0.9576179385185242,0.39164185523986816
58,58,0.09087163183273962,0.966680109500885,0.4957781732082367,0.11233214288949966,0.9560624361038208,0.34119200706481934
59,59,0.08906511932563706,0.9671487212181091,0.49411842226982117,0.11331664770841599,0.9561851024627686,0.37870749831199646
60,60,0.08558068112007533,0.9685221314430237,0.4927622675895691,0.11748339980840683,0.9561153054237366,0.3796501159667969
61,61,0.10523396875195874,0.9625510573387146,0.4708142876625061,0.11455123126506805,0.9574580788612366,0.3816479444503784
62,62,0.09475736154947811,0.965213418006897,0.47714489698410034,0.10828228294849396,0.9593934416770935,0.37031328678131104
63,63,0.08842475409918012,0.9680162072181702,0.48450157046318054,0.11414311826229095,0.9567829370498657,0.3503750264644623
64,64,0.102749680812196,0.9645689129829407,0.48223504424095154,0.12002084404230118,0.9543701410293579,0.35024258494377136
65,65,0.10324309798679912,0.9620718359947205,0.46681272983551025,0.11257851123809814,0.9564315676689148,0.367305189371109
66,66,0.0914619188182629,0.9664033651351929,0.4923776686191559,0.12313705682754517,0.9537728428840637,0.3212086856365204
67,67,0.08932995748368856,0.9670917987823486,0.4765370786190033,0.1070801392197609,0.9592100977897644,0.37781965732574463
68,68,0.08344327909677911,0.969353199005127,0.49538975954055786,0.10853605717420578,0.958879828453064,0.3567796051502228
69,69,0.08873567505118747,0.9672476053237915,0.5013178586959839,0.10578235238790512,0.9584518074989319,0.37146592140197754
70,70,0.08060189306837483,0.9702051877975464,0.49173566699028015,0.11275783181190491,0.956882119178772,0.366616427898407
71,71,0.0790587531728073,0.9707778692245483,0.5043519735336304,0.1066690981388092,0.9586024284362793,0.40223371982574463
72,72,0.08307648094565732,0.9688848853111267,0.4930179715156555,0.11715502291917801,0.9524807929992676,0.37882551550865173
73,73,0.0903752884030557,0.9671770930290222,0.4809204936027527,0.10565268248319626,0.9599996209144592,0.36948132514953613
74,74,0.08304498594504996,0.9695053100585938,0.49849140644073486,0.10813350975513458,0.9575385451316833,0.38528966903686523
75,75,0.08495732010282481,0.9688061475753784,0.49773749709129333,0.11458976566791534,0.9550620317459106,0.3695669174194336
76,76,0.08105440708981732,0.9699326753616333,0.5225594639778137,0.10373296588659286,0.9605410099029541,0.3821435272693634
77,77,0.07764039309441638,0.9713804125785828,0.5274287462234497,0.10537848621606827,0.959814190864563,0.4044601023197174
78,78,0.0829637850013872,0.969434916973114,0.4983789026737213,0.10440608859062195,0.9595070481300354,0.38112911581993103
79,79,0.08495178383488494,0.9682760834693909,0.516156792640686,0.10936179012060165,0.959709107875824,0.37122395634651184
80,80,0.07969855904229917,0.970794677734375,0.5284860730171204,0.10015776008367538,0.9614930748939514,0.3907621204853058
81,81,0.07780522648513746,0.9710878133773804,0.5354634523391724,0.11111972481012344,0.9563987851142883,0.424742192029953
82,82,0.07567001603176603,0.9720767140388489,0.5401198863983154,0.10537347197532654,0.9593291878700256,0.4017820358276367
83,83,0.07567795085439381,0.9720771312713623,0.514560878276825,0.10742557048797607,0.9609624743461609,0.3787744641304016
84,84,0.07636645592701359,0.9717411398887634,0.5033453702926636,0.10620058327913284,0.9607944488525391,0.413446843624115
85,85,0.07315069680081275,0.9729258418083191,0.5447603464126587,0.09674152731895447,0.9630114436149597,0.42302173376083374
86,86,0.07495584506959392,0.9723690748214722,0.5282980799674988,0.10650845617055893,0.9567282199859619,0.4036584198474884
87,87,0.07511774650685346,0.9720152020454407,0.5385230779647827,0.10511431843042374,0.9629676342010498,0.39677488803863525
88,88,0.0812739786648681,0.9698137044906616,0.5011736750602722,0.10341523587703705,0.9617500901222229,0.4289165139198303
89,89,0.07729290642489034,0.9713355898857117,0.5368674993515015,0.11838949471712112,0.958051860332489,0.3697029650211334
90,90,0.07499629200566023,0.9723208546638489,0.5267705321311951,0.10605607181787491,0.9584916234016418,0.3946952819824219
91,91,0.0797254456839978,0.9699406027793884,0.5096110105514526,0.10518243163824081,0.9591796398162842,0.41461101174354553
92,92,0.07820583903156102,0.971185564994812,0.5210362076759338,0.10380373150110245,0.9587799906730652,0.41310009360313416
93,93,0.07537864980911717,0.9724249243736267,0.541156530380249,0.10048394650220871,0.9616796970367432,0.41389891505241394
94,94,0.06972414828002609,0.9738715887069702,0.5483231544494629,0.10357878357172012,0.9612598419189453,0.4229705035686493
95,95,0.06940254519054762,0.9739251732826233,0.5511132478713989,0.09409135580062866,0.9648600220680237,0.41938701272010803
96,96,0.06753771457648,0.9744888544082642,0.5520961284637451,0.10375350713729858,0.958732008934021,0.43739432096481323
97,97,0.0664974484103508,0.9750486612319946,0.5507620573043823,0.09416120499372482,0.9638633131980896,0.4278421401977539
98,98,0.07872972577789393,0.9699148535728455,0.5266628861427307,0.1026291772723198,0.9604619145393372,0.4121607840061188
99,99,0.07050210892861614,0.973881185054779,0.5384382605552673,0.10351214557886124,0.9628781080245972,0.4134562611579895
100,100,0.06483255557936783,,0.5676767230033875,0.09592714160680771,0.9636887907981873,0.42739006876945496
101,101,0.07664112510340204,0.9714497327804565,0.5372453927993774,0.10526712983846664,0.9592936038970947,0.4086635410785675
102,102,0.06832581720067164,0.9742504954338074,0.5546616315841675,0.09675401449203491,0.9626654982566833,0.41213372349739075
103,103,0.06424294890931402,0.9756742715835571,0.5876432061195374,0.09793384373188019,0.9625462889671326,0.4162557125091553
104,104,0.06352184303847398,0.9760720729827881,0.5625131726264954,0.0946580171585083,0.9654560685157776,0.4200673997402191
105,105,0.06316100201906803,0.9760030508041382,0.577366292476654,0.10338499397039413,0.9634882807731628,0.42197293043136597
106,106,0.06311668924955974,0.975910484790802,0.5817818641662598,0.09028329700231552,0.966102123260498,0.4227113127708435
107,107,0.06505602469499139,0.9754022359848022,0.5663986206054688,0.10616866499185562,0.9617526531219482,0.403917521238327
108,108,0.06566167492285156,0.975649893283844,0.5705101490020752,0.09275155514478683,0.9651841521263123,0.4398229420185089
109,109,0.06112843746310458,0.9768383502960205,0.5773932933807373,0.10228735953569412,0.9601644277572632,0.43264809250831604
110,110,0.061178601809959404,0.9766514301300049,0.5863208174705505,0.10468702763319016,0.963721752166748,0.4434081017971039
111,111,0.06060647592620136,0.976889967918396,0.5725377798080444,0.09639532119035721,0.9637476801872253,0.44031190872192383
112,112,0.06144270773839731,0.9764043688774109,0.5888278484344482,0.09356225281953812,0.9658949971199036,0.4217090904712677
113,113,0.07123778449992339,0.9729896187782288,0.5559481382369995,0.09394718706607819,0.9648131728172302,0.42978060245513916
114,114,0.07281473565186995,0.9727588891983032,0.5584154725074768,0.10182242840528488,0.9624610543251038,0.3982763886451721
115,115,0.06604538266345536,0.974854588508606,0.5867080092430115,0.11857226490974426,0.9552568793296814,0.4313318133354187
116,116,0.06546051323769064,0.974966824054718,0.5729189515113831,0.09775958955287933,0.9651540517807007,0.44057580828666687
117,117,0.06201395370478097,0.9764912128448486,0.589454710483551,0.09868589043617249,0.9654480814933777,0.4285370409488678
118,118,0.06690850415870021,0.9743431210517883,0.5624741911888123,0.09494142979383469,0.9652330875396729,0.44888943433761597
119,119,0.06400064613374595,0.9756097197532654,0.5782654285430908,0.10661467164754868,0.9636107087135315,0.41465768218040466
120,120,0.05699099635388941,0.9780468344688416,0.5944504737854004,0.09790381044149399,0.9657139182090759,0.46565085649490356
121,121,0.0560684628054822,0.9783349633216858,0.6225081086158752,0.09046327322721481,0.9677380323410034,0.47133663296699524
122,122,0.05499174842369916,0.9785952568054199,0.6294428110122681,0.0976034551858902,0.9636387228965759,0.47412213683128357
123,123,0.05353986515174023,0.979337751865387,0.620265007019043,0.09192640334367752,0.9673641920089722,0.46396538615226746
124,124,0.05428079801752644,0.9789219498634338,0.6117531061172485,0.08875229954719543,0.966366708278656,0.4618523418903351
125,125,0.05620637446573267,0.978326678276062,0.6125233769416809,0.09490279108285904,0.9662367105484009,0.4688974618911743
126,126,0.055654124329194955,0.9785031080245972,0.6202680468559265,0.08774280548095703,0.967590868473053,0.4750141203403473
127,127,0.05354982949229919,0.979218602180481,0.6301047801971436,0.09726329147815704,0.9672610759735107,0.46247395873069763
128,128,0.05418846611745465,0.9788286089897156,0.6176769137382507,0.10545898973941803,0.9653714895248413,0.4387778341770172
129,129,0.09147782814696444,0.9658610224723816,0.4887571632862091,0.12880098819732666,0.9531954526901245,0.36416712403297424
130,130,0.07788552089821166,0.971063494682312,0.5222069621086121,0.09643298387527466,0.9643703699111938,0.44357532262802124
131,131,0.06778684093016916,0.9740127325057983,0.5719703435897827,0.09105972945690155,0.9633408784866333,0.4655306935310364
132,132,0.05697244062843637,0.9779484272003174,0.6012129783630371,0.08846224844455719,0.9663631319999695,0.4676293730735779
133,133,0.05353594027007766,0.9792184233665466,0.6385310292243958,0.09316463023424149,0.964455246925354,0.4926810562610626
134,134,0.05070843062108347,0.9801768064498901,0.6404173374176025,0.09169211983680725,0.9672315120697021,0.5063927173614502
135,135,0.04922597748718078,0.9807606339454651,0.6351045370101929,0.08903210610151291,0.9675840735435486,0.4881197512149811
136,136,0.05049052240270285,0.9801855087280273,0.6535611152648926,0.0929279625415802,0.9668905735015869,0.48685404658317566
137,137,0.051699907956413556,0.9797074794769287,0.6168895363807678,0.09735869616270065,0.962566077709198,0.47615528106689453
138,138,0.05370121467832434,0.978898286819458,0.6134974956512451,0.09152652323246002,0.9674666523933411,0.48121023178100586
139,139,0.050376823263202544,0.9802306890487671,0.6504865288734436,0.09190139174461365,0.964938759803772,0.47154927253723145
140,140,0.04941968024351622,0.9805883169174194,0.6321598291397095,0.08709447085857391,0.9687837958335876,0.505230188369751
141,141,0.050809316117337376,0.9799833297729492,0.6308510303497314,0.09948475658893585,0.9632089138031006,0.48789182305336
142,142,0.05102615981610516,0.9801223874092102,0.6328156590461731,0.08864834904670715,0.9665955901145935,0.48815327882766724
143,143,0.05235181690155654,0.9793699383735657,0.635237991809845,0.09083924442529678,0.9646469354629517,0.4925551414489746
144,144,0.05099436207157664,0.9797765612602234,0.662577748298645,0.09288813918828964,0.9650653600692749,0.506646454334259
145,145,0.05088183902075681,0.9798422455787659,0.6408166289329529,0.08712168037891388,0.9678645730018616,0.5026938915252686
146,146,0.04884017564649977,0.9807220101356506,0.6533973217010498,0.09491473436355591,0.9667453765869141,0.4886890947818756
147,147,0.05111175097669893,0.9798409938812256,0.6521393060684204,0.08880069106817245,0.9660986065864563,0.4771692454814911
148,148,0.052690226824406404,0.9793806672096252,0.6238812804222107,0.10522585362195969,0.9636703133583069,0.47943615913391113
149,149,0.055534058826593444,0.9782665967941284,0.6334004402160645,0.08304070681333542,0.9686074256896973,0.4872782826423645
150,150,0.04871744016306296,0.9808094501495361,0.6382583975791931,0.09089628607034683,0.9688891172409058,0.5263070464134216
151,151,0.04761810901086742,0.9810692071914673,0.6479943990707397,0.08531388640403748,0.9690200686454773,0.5275644659996033
152,152,0.048154924399428777,0.9809249639511108,0.6561449766159058,0.08711167424917221,0.9685972332954407,0.48566532135009766
153,153,0.04884839807308685,0.980644941329956,0.6574453711509705,0.09186495095491409,0.9673850536346436,0.5227680206298828
154,154,0.04692443885972189,0.9813662767410278,0.6552017331123352,0.08947817981243134,0.9676335453987122,0.5012456774711609
155,155,0.04719689818604167,0.98122239112854,0.6507521867752075,0.09077920764684677,0.9689140915870667,0.5159937143325806
156,156,0.04791982770667602,0.9809728860855103,0.6629798412322998,0.09154924005270004,0.9698266983032227,0.5099184513092041
157,157,0.06116460100617051,0.9765549898147583,0.5881549715995789,0.12239543348550797,0.9641867876052856,0.45038464665412903
158,158,0.0990865330670017,0.9646464586257935,0.4832096993923187,0.10372616350650787,0.9613087773323059,0.4423936903476715
159,159,0.06353359531838065,0.9756112098693848,0.5677677392959595,0.10395463556051254,0.9603674411773682,0.4517495632171631
160,160,0.05071211056201719,0.9801103472709656,0.6363431811332703,0.08419918268918991,0.9682655930519104,0.5013102293014526
161,161,0.04758048404376799,0.9811919927597046,0.6612659692764282,0.08877629786729813,0.9687085151672363,0.49909600615501404
162,162,0.04501571274634513,0.981974184513092,0.661567211151123,0.08593665063381195,0.9695246815681458,0.5445724725723267
163,163,0.043356750119784966,0.9826740622520447,0.691128134727478,0.08840687572956085,0.970099151134491,0.5343651175498962
164,164,0.04392551031746851,0.9824036955833435,0.6744310855865479,0.08411291986703873,0.9705442190170288,0.5313544273376465
165,165,0.04389072341823171,0.9823037981987,0.6882607936859131,0.0849490612745285,0.9695643186569214,0.5110743641853333
166,166,0.04375389841338918,0.9823700189590454,0.6791666150093079,0.08671332150697708,0.9689637422561646,0.5312544107437134
167,167,0.04458648199961784,0.9820451140403748,0.6746198534965515,0.08268740773200989,0.9706792235374451,0.5219041109085083
168,168,0.044890220918601606,0.9819273352622986,0.6748334169387817,0.0949271023273468,0.9679455161094666,0.5340962409973145
169,169,0.04422557736558165,0.9822328090667725,0.6670847535133362,0.08247999101877213,0.9706584811210632,0.5325242877006531
170,170,0.04409849380019109,0.982147216796875,0.6694952249526978,0.09631863236427307,0.9673712253570557,0.5209248661994934
171,171,0.04274852981689037,0.9827756881713867,0.6779204607009888,0.08115644007921219,0.9710351228713989,0.5175830125808716
172,172,0.044761652302930506,0.981848418712616,0.6819421648979187,0.08838100731372833,0.9683149456977844,0.5286557078361511
173,173,0.04362754636456838,0.9822944402694702,0.6703341603279114,0.08924213796854019,0.9705753922462463,0.5407638549804688
174,174,0.046782790138259325,0.9814033508300781,0.6657189726829529,0.09560956060886383,0.9653764367103577,0.5411245822906494
175,175,0.04425322923625339,0.9821590781211853,0.6610740423202515,0.07934298366308212,0.9707769155502319,0.5391995310783386
176,176,0.043088925029270544,0.9825834631919861,0.6857274174690247,0.08996794372797012,0.9691332578659058,0.5540205836296082
177,177,0.041816461851106934,0.9830332398414612,0.693499743938446,0.08516103774309158,0.9712498188018799,0.5305397510528564
178,178,0.04180663522110523,0.9830082058906555,0.7104175686836243,0.09864740818738937,0.9632318019866943,0.5235519409179688
179,179,0.044251774289781075,0.9821518063545227,0.6753372550010681,0.0854184702038765,0.9704851508140564,0.5479429960250854
180,180,0.04486011495912233,0.9818795323371887,0.6735789179801941,0.08563182502985,0.970076322555542,0.5479541420936584
181,181,0.042060879394576214,0.9829308986663818,0.7006715536117554,0.08619744330644608,0.9702844619750977,0.556812584400177
182,182,0.04045156466991802,0.98349529504776,0.7005938291549683,0.0809537023305893,0.9724280834197998,0.5644227266311646
183,183,0.04214459334164134,0.9828705787658691,0.6878800392150879,0.08891692012548447,0.971034824848175,0.5485067367553711
184,184,0.04122882998714116,0.9832043051719666,0.6975564360618591,0.09497382491827011,0.9708893299102783,0.552904486656189
185,185,0.04134654268571653,0.9831820130348206,0.6865575909614563,0.08609548211097717,0.9713165163993835,0.564502477645874
186,186,0.04232048213872566,0.9827715754508972,0.7228536009788513,0.08294025808572769,0.972245991230011,0.5640658140182495
187,187,0.041887065665016564,0.9829207062721252,0.6812606453895569,0.08215435594320297,0.9718514084815979,0.5632415413856506
188,188,0.041225321823521184,0.983200192451477,0.7041864395141602,0.08270000666379929,0.9718836545944214,0.5632236003875732
189,189,0.04034060315792979,0.983452320098877,0.710472583770752,0.09359575062990189,0.9702852964401245,0.5587946772575378
190,190,0.042466859101832365,0.9826711416244507,0.7112403512001038,0.09014813601970673,0.9703818559646606,0.5256569385528564
191,191,0.03972231794744939,0.9838505387306213,0.6935485601425171,0.08765529841184616,0.9688454866409302,0.5559991002082825
192,192,0.039538205987786894,0.9838925004005432,0.7205661535263062,0.0862579494714737,0.9716494083404541,0.5784635543823242
193,193,0.03861697610554051,0.9841947555541992,0.7073134779930115,0.08760430663824081,0.9689407348632812,0.5621342658996582
194,194,0.06230240135198237,0.9760109186172485,0.6175754070281982,0.09922110289335251,0.961439311504364,0.4812331199645996
195,195,0.04713367374475078,0.9811736941337585,0.643473207950592,0.08662442862987518,0.9716311097145081,0.5539693832397461
196,196,0.044622491369526146,0.9819523096084595,0.6726480722427368,0.07950838655233383,0.9711747765541077,0.54109126329422
197,197,0.039133868936728385,0.9840324521064758,0.723189651966095,0.08678725361824036,0.9718889594078064,0.5679652690887451
198,198,0.03714145037520211,0.9848096966743469,0.7195239663124084,0.08433759957551956,0.9721760153770447,0.5888015031814575
199,199,0.03596271767804492,0.9852368235588074,0.7291619181632996,0.08374126255512238,0.9727403521537781,0.5909378528594971
200,200,0.03580026991039631,0.9852617979049683,0.7214744091033936,0.08351428061723709,0.973025918006897,0.5940408110618591
201,201,0.03529183511499795,0.9854702949523926,0.747023344039917,0.08370901644229889,0.9730343818664551,0.5876308679580688
202,202,0.03605933204138031,0.9850990176200867,0.7399054169654846,0.08069293946027756,0.9727668166160583,0.604883074760437
203,203,0.037909166360408655,0.9843998551368713,0.7315011620521545,0.08532809466123581,0.9677863717079163,0.5234346985816956
204,204,0.04089161740627718,0.983164370059967,0.7055491209030151,0.08693046122789383,0.9723831415176392,0.569150447845459
205,205,0.037465836069597386,0.9845818877220154,0.7259196639060974,0.09221947193145752,0.9674074649810791,0.5883396863937378
206,206,0.036888805077838836,0.9848096966743469,0.7311482429504395,0.08602308481931686,0.9732160568237305,0.6067482233047485
207,207,0.03616099982578957,0.9850150942802429,0.7487067580223083,0.08550836145877838,0.9731476306915283,0.5997644066810608
208,208,0.036381391765201276,0.984976589679718,0.7219717502593994,0.0833863765001297,0.9731906652450562,0.6129659414291382
209,209,0.03665259496781987,0.9848438501358032,0.721426784992218,0.08416978269815445,0.9724500179290771,0.581306517124176
210,210,0.038449881790769816,0.9843418598175049,0.7158123254776001,0.08178789168596268,0.9730020761489868,0.5996087193489075
211,211,0.03630788040017927,0.9850484728813171,0.7115305662155151,0.08236079663038254,0.9735713601112366,0.6005470156669617
212,212,0.03518831110040292,0.9854534864425659,0.7423084378242493,0.08443015068769455,0.9713249802589417,0.6059494614601135
213,213,0.03500859696543138,0.9855122566223145,0.7461476922035217,0.08950819075107574,0.9706406593322754,0.5719571709632874
214,214,0.038759913605855005,0.9841602444648743,0.71859210729599,0.08662895113229752,0.9719613194465637,0.5962923765182495
215,215,0.03569172364899341,0.9851954579353333,0.7446304559707642,0.07620741426944733,0.9740578532218933,0.6132986545562744
216,216,0.035066395279407005,0.985420823097229,0.7375310659408569,0.08485198765993118,0.9738675355911255,0.6219772100448608
217,217,0.03504604119044439,0.9854933023452759,0.7420589923858643,0.08902432769536972,0.9717748761177063,0.6020351648330688
218,218,0.037133921247681057,0.9846914410591125,0.7379322648048401,0.08204915374517441,0.9734404683113098,0.603370189666748
219,219,0.03697057883441747,0.9847425222396851,0.7132718563079834,0.08915095031261444,0.9700105786323547,0.5849790573120117
220,220,0.0380664412971386,0.9842953681945801,0.7152239084243774,0.0883592888712883,0.9729430079460144,0.5922572016716003
221,221,0.035072985850768956,0.9854795932769775,0.7633498907089233,0.07979775965213776,0.973696768283844,0.6008985638618469
222,222,0.032735333744954125,0.9863923788070679,0.7670867443084717,0.07532771676778793,0.9750769138336182,0.627648115158081
223,223,0.03454902837368606,0.9856128096580505,0.7332168817520142,0.08394710719585419,0.9714597463607788,0.6109759211540222
224,224,0.038022582602095026,0.9842791557312012,0.731876015663147,0.0829133465886116,0.9727301597595215,0.5995755195617676
225,225,0.036929397705908064,0.9847633242607117,0.7139654159545898,0.0862424224615097,0.972702145576477,0.5818344354629517
226,226,0.03577381888638998,0.9851327538490295,0.7415952086448669,0.07992333173751831,0.9733491539955139,0.6199155449867249
227,227,0.032256543380800654,0.9866206049919128,0.7563143372535706,0.08290982246398926,0.9737623333930969,0.6297563910484314
228,228,0.031764678936899424,0.9868018627166748,0.7634784579277039,0.08136036992073059,0.9751992225646973,0.6323866844177246
229,229,0.03158645932959795,0.9868640303611755,0.7700086832046509,0.08101768046617508,0.9747394919395447,0.6330578327178955
230,230,0.0330606543628584,0.9862479567527771,0.7572410702705383,0.0770517885684967,0.9756641983985901,0.6316378712654114
231,231,0.0365904936624457,0.984785258769989,0.737407386302948,0.07980939745903015,0.973538875579834,0.5974221229553223
232,232,0.03408561919991954,0.9857571125030518,0.7402507066726685,0.0760045051574707,0.9743505716323853,0.6183417439460754
233,233,0.036891395569047095,0.9848048090934753,0.7384558916091919,0.08097834885120392,0.9741961359977722,0.6118326783180237
234,234,0.03320080216638953,0.9861814379692078,0.7461458444595337,0.07729722559452057,0.9750195741653442,0.6422683596611023
235,235,0.0321356852852123,0.9866004586219788,0.7625794410705566,0.0867702066898346,0.9741289019584656,0.6222953200340271
236,236,0.033686799632237245,0.9859817624092102,0.7717641592025757,0.08155275881290436,0.9752094745635986,0.63089919090271
237,237,0.033443109476651536,0.9860981702804565,0.7670332789421082,0.08241408318281174,0.9746091365814209,0.630027711391449
238,238,0.03241873293616383,0.986475944519043,0.7530861496925354,0.07674768567085266,0.9751958847045898,0.6137143969535828
239,239,0.03207238249614164,0.9866059422492981,0.7622827887535095,0.08238594979047775,0.9735333919525146,0.6383822560310364
240,240,0.03178930525567781,0.9867331981658936,0.7717328071594238,0.07435216009616852,0.9744160175323486,0.6363087296485901
241,241,0.03200626741597891,0.9866334199905396,0.7647663354873657,0.08191416412591934,0.9735297560691833,0.640493631362915
242,242,0.03285755025764303,0.9862998723983765,0.7576375007629395,0.07778804749250412,0.9746958613395691,0.6270913481712341
243,243,0.031754383079458375,0.9867881536483765,0.7506540417671204,0.08478831499814987,0.9741386771202087,0.6287230849266052
244,244,0.03168484919971002,0.9867608547210693,0.760712742805481,0.08236675709486008,0.9754968881607056,0.6166992783546448
245,245,0.031850982460384376,0.9867527484893799,0.7656717896461487,0.08283110707998276,0.9701520800590515,0.5868521928787231
246,246,0.03239637794197337,0.9865003824234009,0.7675837874412537,0.08399973809719086,0.9742851853370667,0.6299113035202026
247,247,0.03113995023317656,0.9869746565818787,0.7774138450622559,0.08292221277952194,0.974623441696167,0.6440747976303101
248,248,0.030660913139691288,0.9872111082077026,0.777969241142273,0.07842503488063812,0.9753289222717285,0.642066478729248
249,249,0.030054205326742262,0.987412691116333,0.7882350087165833,0.08417673408985138,0.9753220677375793,0.6524059176445007
250,250,0.029653723016496932,0.9875825643539429,0.7855820655822754,0.083344466984272,0.9754855632781982,0.6430851221084595
251,251,0.03015930093027773,0.9874035120010376,0.7792035937309265,0.08160461485385895,0.9750285744667053,0.6449155807495117
252,252,0.030303031340607935,0.987326443195343,0.7817438840866089,0.08019621670246124,0.9749695658683777,0.6396647691726685
253,253,0.030104134593230834,0.9873827695846558,0.7707443833351135,0.08137024194002151,0.9752869606018066,0.6473406553268433
254,254,0.029889465833186992,0.9874836206436157,0.7831973433494568,0.08656366169452667,0.9744657278060913,0.6395803689956665
255,255,0.029573556893154045,0.9876852035522461,0.7644309401512146,0.08082543313503265,0.975580096244812,0.6454542279243469
256,256,0.03200399542551261,0.9866575598716736,0.7714080810546875,0.09072073549032211,0.9724037051200867,0.6241143345832825
257,257,0.03126509446365862,0.9869608879089355,0.7552828192710876,0.07769537717103958,0.9756793975830078,0.6464446783065796
258,258,0.03018604237983406,0.9873580932617188,0.7752860188484192,0.07520810514688492,0.9743313193321228,0.6401771306991577
259,259,0.029685090244723912,0.9875918030738831,0.773727536201477,0.07873014360666275,0.9755563139915466,0.6424499154090881
260,260,0.028394649496919718,0.9881427884101868,0.7650110125541687,0.0890764370560646,0.9743732810020447,0.645406186580658
261,261,0.03127634579033885,0.9869265556335449,0.7752503752708435,0.07735885679721832,0.9761748909950256,0.630617082118988
262,262,0.030054602204379475,0.9873798489570618,0.7766777873039246,0.0890333354473114,0.9737176895141602,0.609832227230072
263,263,0.029847100570676934,0.9875044226646423,0.8020730018615723,0.07262679189443588,0.9750872850418091,0.6552051305770874
264,264,0.03132080397923486,0.9869145154953003,0.7926270365715027,0.08177457004785538,0.9739968776702881,0.6472147107124329
265,265,0.029887107376849506,0.9875035285949707,0.7789681553840637,0.08464816212654114,0.9750475883483887,0.6517417430877686
266,266,0.028197996255066287,0.9882168173789978,0.7920427322387695,0.08467743545770645,0.9761846661567688,0.658231258392334
267,267,0.02875866518824739,0.9879812002182007,0.8044260144233704,0.08272431790828705,0.9753699898719788,0.6556329131126404
268,268,0.02874905770526171,0.9879558682441711,0.7868878245353699,0.08246403932571411,0.9757145047187805,0.6431557536125183
269,269,0.02914813258743939,0.987795889377594,0.7692891955375671,0.07987058162689209,0.9759376049041748,0.6416002511978149
270,270,0.03042395312788871,0.9873817563056946,0.7590846419334412,0.10786926001310349,0.9707452058792114,0.5688557624816895
271,271,0.03295542922998534,0.98641037940979,0.7524476647377014,0.08064206689596176,0.9754257202148438,0.6510730981826782
272,272,0.028623961019944452,0.9880244135856628,0.789452075958252,0.07912282645702362,0.9761776328086853,0.6671929359436035
273,273,0.026498363090969434,0.9889751672744751,0.7990000247955322,0.08187592029571533,0.9764121770858765,0.6658365726470947
274,274,0.026367071674870273,0.9889994263648987,0.8025738596916199,0.0788702443242073,0.9773539304733276,0.6690508723258972
275,275,0.02621614648075056,0.9890750050544739,0.8130118250846863,0.0799979716539383,0.9768664836883545,0.6735117435455322
276,276,0.02649718202909613,0.9889122247695923,0.809745728969574,0.08896049857139587,0.9760790467262268,0.6515531539916992
277,277,0.027822376092479735,0.9883373379707336,0.7922273874282837,0.08228661864995956,0.976248562335968,0.6630540490150452
278,278,0.030055407789903326,0.9875018000602722,0.8060625791549683,0.08541150391101837,0.9729398488998413,0.5971604585647583
279,279,0.030428346687865718,0.9873514771461487,0.7838230133056641,0.0894010066986084,0.9747544527053833,0.6338852643966675
280,280,0.028806060092526817,0.9879274964332581,0.7860822677612305,0.08004733920097351,0.9759871363639832,0.6574915051460266
281,281,0.027586694911359445,0.9884184002876282,0.7970886826515198,0.0826694592833519,0.976360559463501,0.6689577102661133
282,282,0.0268829809052675,0.9887555837631226,0.8094868063926697,0.08713704347610474,0.9766980409622192,0.6595972180366516
283,283,0.025796058823102496,0.9892264008522034,0.8069547414779663,0.08004730194807053,0.9753992557525635,0.6673994064331055
284,284,0.027100222966906493,0.9886787533760071,0.8047269582748413,0.07544472068548203,0.9759116768836975,0.6523091793060303
285,285,0.02813354730151565,0.9882240295410156,0.8092919588088989,0.07750198990106583,0.9761644005775452,0.668645977973938
286,286,0.026193073206146576,0.9890183806419373,0.8108315467834473,0.07866054028272629,0.9768614172935486,0.671072781085968
287,287,0.02800370249998452,0.9882652163505554,0.8059352040290833,0.08057528734207153,0.9754016399383545,0.6628817915916443
288,288,0.028981701868308216,0.9879086017608643,0.791826069355011,0.0735161080956459,0.9764893054962158,0.6594389081001282
289,289,0.02993330688686677,0.9874587655067444,0.7727453112602234,0.08028921484947205,0.9751986265182495,0.660029411315918
290,290,0.026731619592038233,0.9887928366661072,0.8000655174255371,0.08717949688434601,0.9750555753707886,0.6576130986213684
291,291,0.026032221844097408,0.9891427159309387,0.8170629739761353,0.08219730854034424,0.97694331407547,0.6605479717254639
292,292,0.025726684955811718,0.9892452359199524,0.8281095623970032,0.08165065199136734,0.9770627021789551,0.6806545853614807
293,293,0.02533246665669909,0.9894106984138489,0.8102303147315979,0.08569756895303726,0.9764360785484314,0.6687338948249817
294,294,0.025714274341371725,0.9892288446426392,0.8117654919624329,0.07743466645479202,0.9770612716674805,0.6775949001312256
295,295,0.025792164115086846,0.9891836643218994,0.824780285358429,0.0820002555847168,0.976071298122406,0.6702604293823242
296,296,0.026990718942192286,0.9886934161186218,0.8057506084442139,0.08595924079418182,0.9762242436408997,0.6503687500953674
297,297,0.027699901700989706,0.988381028175354,0.7964441776275635,0.08274367451667786,0.9766002297401428,0.6731727123260498
298,298,0.02743370035524351,0.9885026216506958,0.8052111268043518,0.08485210686922073,0.9760689735412598,0.6701121926307678
299,299,0.026673234707546865,0.988795280456543,0.8256584405899048,0.08767858147621155,0.9753670692443848,0.6610583662986755
300,300,0.026952734285842803,0.9886898398399353,0.8020416498184204,0.09694404155015945,0.976293683052063,0.6520030498504639
301,301,0.02584639373293239,0.9892010688781738,0.8148274421691895,0.08853743225336075,0.976138174533844,0.6611210107803345
302,302,0.025566189519995765,0.9893143773078918,0.817152738571167,0.08567687124013901,0.9768931269645691,0.6710016131401062
303,303,0.024447500335647934,0.9897711277008057,0.8090637922286987,0.0821247324347496,0.9775753617286682,0.6773786544799805
304,304,0.025589888759208035,0.9892866611480713,0.8061388731002808,0.08151013404130936,0.9766066670417786,0.6679884791374207
305,305,0.025050515422779612,0.9895129203796387,0.8031027317047119,0.08401672542095184,0.9765450358390808,0.6640052199363708
306,306,0.025612673898554778,0.9892542958259583,0.8219399452209473,0.07942917197942734,0.9768168330192566,0.683506190776825
307,307,0.027578940311764784,0.9884694814682007,0.8036724328994751,0.08200762420892715,0.9761034846305847,0.6473199725151062
308,308,0.027599856752751808,0.98843914270401,0.787296712398529,0.08924534171819687,0.9758051633834839,0.6445522308349609
309,309,0.024757248727272058,0.9896278381347656,0.8197506666183472,0.08128079771995544,0.9774738550186157,0.6840572953224182
310,310,0.02387683126588131,0.9900190234184265,0.8249551057815552,0.08021261543035507,0.9775540828704834,0.689610481262207
311,311,0.02288468231434903,0.9904426336288452,0.8276876211166382,0.08206497132778168,0.9771491289138794,0.685882568359375
312,312,0.023498249858186264,0.9901646375656128,0.8329925537109375,0.08521062135696411,0.977451741695404,0.6832215785980225
313,313,0.02435713831581756,0.9897862076759338,0.8267715573310852,0.08139250427484512,0.9777354598045349,0.685889720916748
314,314,0.025356784358010396,0.9893905520439148,0.8168050050735474,0.08481086045503616,0.9768711924552917,0.6827582716941833
315,315,0.02434777459778231,0.9898217916488647,0.8123582601547241,0.08117666840553284,0.9775927066802979,0.6741064786911011
316,316,0.02412472182471995,0.9898800849914551,0.8198747038841248,0.09123767167329788,0.9764187335968018,0.6699082851409912
317,317,0.024705834345264195,0.9896708726882935,0.8210612535476685,0.07682202756404877,0.9775466918945312,0.6848496198654175
318,318,0.025633717533566643,0.9892252683639526,0.8214908838272095,0.07931365072727203,0.9764087200164795,0.6735053658485413
319,319,0.02441827307017938,0.9897592067718506,0.8106405138969421,0.08123452961444855,0.9772014021873474,0.681620180606842
320,320,0.024364640995500873,0.9897773861885071,0.8094542622566223,0.08770345151424408,0.9762954711914062,0.6741988658905029
321,321,0.024967509155734053,0.9895147681236267,0.8147066831588745,0.07807265222072601,0.9779548048973083,0.6899021863937378
322,322,0.023921234178237098,0.9899774193763733,0.8224495053291321,0.0787336602807045,0.9764875769615173,0.6525362133979797
323,323,0.02409899092938362,0.9898738265037537,0.8198614716529846,0.08634623885154724,0.9768415689468384,0.6694730520248413
324,324,0.024349678956777775,0.9898099899291992,0.8193647265434265,0.0809173583984375,0.9772017598152161,0.6673882007598877
325,325,0.025175492531593006,0.9894437789916992,0.8210994005203247,0.08239205181598663,0.9779365062713623,0.6813116073608398
326,326,0.02401687935815015,0.9899333119392395,0.8108265399932861,0.0877576395869255,0.9774636626243591,0.6808742880821228
327,327,0.02484633677969237,0.9895870685577393,0.8273432850837708,0.09478076547384262,0.975771427154541,0.67508465051651
328,328,0.024321963191934443,0.9898149371147156,0.8237375020980835,0.08480963110923767,0.9771355986595154,0.6825063228607178
329,329,0.02445699718022099,0.9897369146347046,0.8236167430877686,0.08177164942026138,0.9754483699798584,0.6540513038635254
330,330,0.024490637139479077,0.9897306561470032,0.8140252232551575,0.0776180550456047,0.9775286912918091,0.686249852180481
331,331,0.024481780808097636,0.9897406101226807,0.8230947256088257,0.08338747918605804,0.9774911403656006,0.6891481280326843
332,332,0.02420952772873674,0.9898329377174377,0.8339521884918213,0.09609758108854294,0.9748890399932861,0.6813650727272034
333,333,0.02367387766842582,0.990074634552002,0.8330164551734924,0.08417490869760513,0.9776241779327393,0.6793299317359924
334,334,0.023511549164770537,0.9901634454727173,0.8370513319969177,0.0847574919462204,0.9772140383720398,0.678026556968689
335,335,0.02404006765172175,0.9899006485939026,0.8214938044548035,0.0818561241030693,0.9778460264205933,0.6907024383544922
336,336,0.022911974005800844,0.9904098510742188,0.8363347053527832,0.08906374126672745,0.9770389795303345,0.6841617822647095
337,337,0.02248743279837165,0.9905790686607361,0.8262209892272949,0.08491236716508865,0.977703332901001,0.6912378668785095
338,338,0.023378314395288795,0.990202009677887,0.8189488649368286,0.08263605087995529,0.9765493273735046,0.6906181573867798
339,339,0.023409145403979308,0.9901634454727173,0.8406597971916199,0.08225392550230026,0.9774535298347473,0.6934636831283569
340,340,0.024786214111745954,0.9895870685577393,0.8070310354232788,0.08437064290046692,0.9769445657730103,0.6802622675895691
341,341,0.028745134114265405,0.9880520105361938,0.7887855172157288,0.08896586298942566,0.9759204983711243,0.6754025220870972
342,342,0.02588213859229281,0.9891498684883118,0.821137547492981,0.08530262857675552,0.977364718914032,0.6867173910140991
343,343,0.022765325709877826,0.9904729723930359,0.8398847579956055,0.0903814509510994,0.9777610301971436,0.6948487758636475
344,344,0.021210138523598196,0.9911561012268066,0.8527926206588745,0.07971682399511337,0.9782323837280273,0.7045573592185974
345,345,0.021084543902979463,0.9912223219871521,0.8421333432197571,0.08347547054290771,0.9786343574523926,0.7052083611488342
346,346,0.02267763723202967,0.9905146360397339,0.8351409435272217,0.08390761911869049,0.9773972034454346,0.6899029016494751
347,347,0.022952467374282675,0.9904080033302307,0.8266894221305847,0.08331762254238129,0.9767782688140869,0.6833794713020325
348,348,0.02234106146091236,0.9906166195869446,0.8461136817932129,0.08829496800899506,0.977522075176239,0.6987642049789429
349,349,0.0222003596554131,0.9906924366950989,0.8452305793762207,0.08624108880758286,0.9777365922927856,0.697912871837616
350,350,0.021040005753699614,0.9912034273147583,0.844270646572113,0.0835818350315094,0.9783937931060791,0.7027168869972229
351,351,0.021205482058203183,0.9911359548568726,0.8484451174736023,0.08399104326963425,0.9780527353286743,0.6976821422576904
352,352,0.021411882606140027,0.9910105466842651,0.8431222438812256,0.08342265337705612,0.9779377579689026,0.6938683986663818
353,353,0.0222201127991388,0.990679919719696,0.8374574184417725,0.0860663577914238,0.9781204462051392,0.6912283897399902
354,354,0.022274942337121618,0.9906253218650818,0.8384079933166504,0.09686741232872009,0.9769257307052612,0.6723928451538086
355,355,0.02251796228126342,0.9905462265014648,0.8325096368789673,0.08076261729001999,0.9778448343276978,0.6961303353309631
356,356,0.024197659206084864,0.9898228645324707,0.8250565528869629,0.08584902435541153,0.9771636724472046,0.6921189427375793
357,357,0.025504799159896206,0.9892870783805847,0.7999452352523804,0.09263991564512253,0.9756963849067688,0.6719193458557129
358,358,0.02544935212536541,0.9893641471862793,0.8155961036682129,0.0822020098567009,0.9776679277420044,0.676994264125824
359,359,0.024293629125424605,0.9898120164871216,0.8171730041503906,0.10163643956184387,0.9761467576026917,0.6781200766563416
360,360,0.022181157884227642,0.9907075762748718,0.838524341583252,0.08492304384708405,0.977755606174469,0.6978627443313599
361,361,0.02126932444188685,0.9911015033721924,0.8495110869407654,0.08508498221635818,0.9787861704826355,0.7065644264221191
362,362,0.020799026703069757,0.9913157224655151,0.8566044569015503,0.07808534801006317,0.9782452583312988,0.7066675424575806
363,363,0.02129259059116661,0.991058349609375,0.8422187566757202,0.07992031425237656,0.9780277013778687,0.6920092701911926
364,364,0.020919119900932006,0.9912198781967163,0.8515444993972778,0.08518954366445541,0.9776967167854309,0.6882679462432861
365,365,0.022051490083932108,0.9907422065734863,0.8342315554618835,0.08877139538526535,0.9768244624137878,0.6713497638702393
366,366,0.021614433288318535,0.9909237623214722,0.8264579772949219,0.08434426784515381,0.9781511425971985,0.6883824467658997
367,367,0.021318135007102404,0.991045355796814,0.8558487892150879,0.08491149544715881,0.977794885635376,0.6988128423690796
368,368,0.021204857468016296,0.9910885691642761,0.8420169353485107,0.10106957703828812,0.9759945273399353,0.6765621900558472
369,369,0.022538236057447973,0.990524411201477,0.8272573351860046,0.09621128439903259,0.9760957360267639,0.6721681952476501
370,370,0.02195287432393856,0.9907691478729248,0.8485523462295532,0.07996594905853271,0.9774418473243713,0.6880021691322327
371,371,0.02258195249951547,0.9904935956001282,0.8380018472671509,0.08131664991378784,0.977736234664917,0.7013006210327148
372,372,0.02141618914144881,0.9910369515419006,0.8523809313774109,0.0862235575914383,0.9777941107749939,0.6980175375938416
373,373,0.020782133384987224,0.9912877082824707,0.8428082466125488,0.09261943399906158,0.9771957397460938,0.6981621980667114
374,374,0.0203748258756214,0.9914683103561401,0.8509921431541443,0.08927152305841446,0.9784504771232605,0.7033399939537048
375,375,0.020300507201653044,0.9914819002151489,0.851845383644104,0.0907253846526146,0.9777554273605347,0.6957162618637085
376,376,0.02167194367105087,0.9908881783485413,0.8394272923469543,0.08823453634977341,0.9774025082588196,0.6835329532623291
377,377,0.022857874550213753,0.990394115447998,0.8220547437667847,0.09119246155023575,0.9773638248443604,0.7000070810317993
378,378,0.021362763726803024,0.9910325407981873,0.8496586084365845,0.08610601723194122,0.9779272079467773,0.689103364944458
379,379,0.02122249817787237,0.9910792112350464,0.8432855010032654,0.08711855858564377,0.9783257842063904,0.7066553235054016
380,380,0.02020282780650189,0.9915413856506348,0.8526152968406677,0.09053757786750793,0.9776904582977295,0.7004376649856567
381,381,0.019753920133483076,0.9917329549789429,0.8506132364273071,0.08922625333070755,0.978526771068573,0.7096112370491028
382,382,0.020541496385345245,0.991395115852356,0.8564097881317139,0.08525846898555756,0.9785233736038208,0.7070368528366089
383,383,0.022087834608287383,0.9907218813896179,0.8419207334518433,0.08103872835636139,0.9779195189476013,0.6859874725341797
384,384,0.021861551514150097,0.9908297657966614,0.8377470374107361,0.1016266942024231,0.9760807156562805,0.666316032409668
385,385,0.02116541205348837,0.9910961985588074,0.8384959697723389,0.07937148958444595,0.9783985614776611,0.6744027137756348
386,386,0.022901472278205732,0.9903650879859924,0.8312987685203552,0.09020120650529861,0.9774541258811951,0.6773833632469177
387,387,0.02280934856482931,0.9903988242149353,0.8212377429008484,0.0843496024608612,0.9776620864868164,0.6898754835128784
388,388,0.021851015256031996,0.9908385872840881,0.840171754360199,0.07869601249694824,0.9780081510543823,0.7050493955612183
389,389,0.01977797604712496,0.9917212128639221,0.8581902980804443,0.08282791823148727,0.9789814352989197,0.7111828327178955
390,390,0.019471263584271068,0.9918466210365295,0.8599538803100586,0.08382027596235275,0.9786932468414307,0.7146494388580322
391,391,0.019897258810074047,0.9916610717773438,0.8594678640365601,0.08807258307933807,0.9787378907203674,0.709132969379425
392,392,0.019332262349268766,0.9919111132621765,0.8523871898651123,0.08852852135896683,0.9780319929122925,0.7064540982246399
393,393,0.019966254980656045,0.9916262626647949,0.860348641872406,0.08332215249538422,0.9787319898605347,0.7091107368469238
394,394,0.019959578954093067,0.9916021227836609,0.8486697673797607,0.08749635517597198,0.9781564474105835,0.708920419216156
395,395,0.019343167047541333,0.9918872117996216,0.8640187978744507,0.08209947496652603,0.9779482483863831,0.684434175491333
396,396,0.020656820910524416,0.9913129806518555,0.8512231707572937,0.08610616624355316,0.9785271883010864,0.7095038294792175
397,397,0.020837856754310335,0.991214394569397,0.8567090034484863,0.0827627032995224,0.9781777858734131,0.7081518173217773
398,398,0.021137771871674607,0.9911260604858398,0.8576774001121521,0.07952266931533813,0.978609561920166,0.7101143598556519
399,399,0.01963677748130685,0.9917325973510742,0.8644291758537292,0.08463805913925171,0.9783558249473572,0.7118235230445862
400,400,0.020204234768616748,0.9915108680725098,0.8486594557762146,0.09601083397865295,0.9780897498130798,0.6963942646980286
401,401,0.020457895126037913,0.9914074540138245,0.850496232509613,0.0883982926607132,0.9783377647399902,0.7070488333702087
402,402,0.01944141375376008,0.9918485879898071,0.869713306427002,0.08629201352596283,0.9778721928596497,0.7061678767204285
403,403,0.02087726076279768,0.9912844896316528,0.856641411781311,0.09085246920585632,0.9781184792518616,0.7048887014389038
404,404,0.020791857699822894,0.9912675023078918,0.8524093627929688,0.08363483101129532,0.9782416820526123,0.6859531402587891
405,405,0.020410478578206985,0.9914335608482361,0.84747314453125,0.09080596268177032,0.9782832264900208,0.7016698122024536
406,406,0.019764613153116582,0.9917095899581909,0.8551784753799438,0.08556710183620453,0.9786688089370728,0.7125727534294128
407,407,0.019345469265457584,0.9918825030326843,0.8589655756950378,0.08294341713190079,0.9792404174804688,0.7151212096214294
408,408,0.01972614442547055,0.991712749004364,0.85674649477005,0.0870942696928978,0.9785255789756775,0.7013890743255615
409,409,0.02007337236042362,0.9915654063224792,0.8567660450935364,0.08118753135204315,0.9780062437057495,0.7110763192176819
410,410,0.01975914829201942,0.9917095899581909,0.8596201539039612,0.09976541250944138,0.9765750169754028,0.6810569167137146
411,411,0.022422881129474402,0.9905746579170227,0.8429791331291199,0.08390472084283829,0.9783397316932678,0.7052643895149231
412,412,0.021146349302130264,0.991114616394043,0.8539120554924011,0.08107372373342514,0.9757320284843445,0.6219425201416016
413,413,0.025177050335071564,0.989646315574646,0.8099047541618347,0.08512332290410995,0.977424144744873,0.6958977580070496
414,414,0.02045819070302129,0.9914447069168091,0.8474190831184387,0.0867568701505661,0.9784809947013855,0.7143544554710388
415,415,0.019470880117229427,0.9918415546417236,0.8665465712547302,0.08681192994117737,0.9787042140960693,0.7180660963058472
416,416,0.019316820954471927,0.9919231534004211,0.8655775189399719,0.08769302070140839,0.9789467453956604,0.7161492705345154
417,417,0.018479931565590774,0.992267906665802,0.8597779870033264,0.08211182057857513,0.9791537523269653,0.7199927568435669
418,418,0.018942810871297483,0.9920758008956909,0.8678762912750244,0.08752409368753433,0.9783681631088257,0.7206820249557495
419,419,0.01893969700348955,0.9920570254325867,0.8627129793167114,0.09009309113025665,0.978947103023529,0.7244150638580322
420,420,0.01822298871961837,0.9923663139343262,0.8649133443832397,0.08347268402576447,0.9792879819869995,0.7127897143363953
421,421,0.018367972172354596,0.9922983050346375,0.8667882680892944,0.08701731264591217,0.9784213304519653,0.7145002484321594
422,422,0.018549058258774773,0.9922178387641907,0.8703985810279846,0.09249388426542282,0.9787369966506958,0.7160565257072449
423,423,0.019057230234953072,0.9920009970664978,0.8442286252975464,0.09200993925333023,0.9781531095504761,0.7087886929512024
424,424,0.01920289376361622,0.9919141530990601,0.8714795112609863,0.0800856500864029,0.9788323044776917,0.7179993987083435
425,425,0.01928837348889782,0.9919039607048035,0.8590967059135437,0.08831425756216049,0.9784705638885498,0.7126197218894958
426,426,0.019457363201418516,0.9918205142021179,0.8473705649375916,0.08843543380498886,0.978827178478241,0.7097284197807312
427,427,0.02029596758310011,0.9914713501930237,0.8595468401908875,0.0882238894701004,0.9789336323738098,0.7028207182884216
428,428,0.020533064139572278,0.991357684135437,0.8449779748916626,0.08653002977371216,0.9777880907058716,0.7104381322860718
429,429,0.019540460778490597,0.9917822480201721,0.8507958650588989,0.08470409363508224,0.9791499972343445,0.7143319845199585
430,430,0.01850751699950811,0.9922395348548889,0.8731457591056824,0.08158179372549057,0.9787572622299194,0.7165889143943787
431,431,0.018106289513630493,0.9924165606498718,0.8636105060577393,0.09475073963403702,0.9785570502281189,0.7108262777328491
432,432,0.018341635308994835,0.9923112392425537,0.8466007709503174,0.08633822202682495,0.9785462617874146,0.7178690433502197
433,433,0.017708797286384373,0.9925898909568787,0.8597866296768188,0.08346126973628998,0.9791440963745117,0.7191933989524841
434,434,0.018232111401446743,0.9923616051673889,0.869063138961792,0.0863388180732727,0.9787032008171082,0.709887683391571
435,435,0.018463172386708637,0.9922498464584351,0.8675658702850342,0.08857166022062302,0.9786313772201538,0.7158147692680359
436,436,0.0181393282829597,,0.8650469779968262,0.0856732502579689,0.9790692329406738,0.715490996837616
437,437,0.017869810989245647,,0.8637116551399231,0.09279412776231766,0.9780836701393127,0.7201886773109436
438,438,0.020532378608620023,0.9914048910140991,0.8445756435394287,0.0795762911438942,0.9780192971229553,0.6909706592559814
439,439,0.020477701385598034,0.9913751482963562,0.8572409152984619,0.08834381401538849,0.9771174788475037,0.7131415605545044
440,440,0.018670872023600776,0.9921436905860901,0.8512578010559082,0.08764535188674927,0.9787749648094177,0.712115466594696
441,441,0.0183620902820219,0.9922942519187927,0.8646327257156372,0.08982881158590317,0.9786478877067566,0.7192836403846741
442,442,0.017928229995172493,0.9924982786178589,0.8642292618751526,0.09054797142744064,0.9781208038330078,0.7170619964599609
443,443,0.0187992477985083,0.9921078681945801,0.8663590550422668,0.08391863852739334,0.9782941937446594,0.7195602655410767
444,444,0.017941223744237973,0.9924681186676025,0.8596357107162476,0.08363791555166245,0.9792311787605286,0.7218784689903259
445,445,0.020046946859723063,0.991585373878479,0.8502141833305359,0.08930102735757828,0.9783168435096741,0.7129508256912231
446,446,0.020469211877196195,0.9913857579231262,0.8567274212837219,0.08927125483751297,0.9790359735488892,0.7189736366271973
447,447,0.020258399758296408,0.9914781451225281,0.8670046925544739,0.07955168932676315,0.9768091440200806,0.7003807425498962
448,448,0.021141417188363657,0.9910832047462463,0.8365466594696045,0.08950097113847733,0.9784985184669495,0.7083454728126526
449,449,0.020959925100272905,0.9912463426589966,0.8393760919570923,0.07990654557943344,0.9784269332885742,0.702903687953949
450,450,0.0188044226609816,0.9921267628669739,0.8641683459281921,0.08563745021820068,0.9792510867118835,0.7231261730194092
451,451,0.017597510087962467,0.9926403164863586,0.8716738820075989,0.08963538706302643,0.9794434905052185,0.7314918041229248
452,452,0.017194143253537054,0.9928242564201355,0.8720000982284546,0.08736575394868851,0.979215145111084,0.7258938550949097
453,453,0.01754130289732413,0.9926651120185852,0.8773927092552185,0.08778685331344604,0.9784197807312012,0.7293750047683716
454,454,0.016925133438713276,0.9929093718528748,0.8774214386940002,0.08898881077766418,0.9789189696311951,0.7235156297683716
455,455,0.017639845813336344,0.9926034808158875,0.8683242797851562,0.09180852025747299,0.9787814617156982,0.7234089374542236
456,456,0.01723567812776321,0.9927806258201599,0.8805903792381287,0.08774171024560928,0.979334831237793,0.7224803566932678
457,457,0.018257352333599115,0.9923295378684998,0.8598872423171997,0.08548293262720108,0.9793639779090881,0.7200278043746948
458,458,0.017900780717051628,0.9924943447113037,0.8622604608535767,0.08932285010814667,0.9793655276298523,0.7223120927810669
459,459,0.017843018030653652,0.9925094246864319,0.869613766670227,0.08883244544267654,0.9792683124542236,0.725002110004425
460,460,0.017606433854037,0.9926145672798157,0.8672472834587097,0.08811867982149124,0.9790688753128052,0.72408527135849
461,461,0.01800877153178467,0.9924566745758057,0.8679588437080383,0.09559780359268188,0.977290153503418,0.7052968144416809
462,462,0.018611674829699974,0.992184579372406,0.8671361804008484,0.08479133248329163,0.9788413643836975,0.7008474469184875
463,463,0.018461330410719966,0.9922494292259216,0.8636193871498108,0.08783021569252014,0.9790638089179993,0.7234824895858765
464,464,0.017712512893626516,0.9925727844238281,0.8755372762680054,0.08952464908361435,0.9789642095565796,0.7208177447319031
465,465,0.017405819258804,0.9926999807357788,0.8751075267791748,0.08672641962766647,0.9792459011077881,0.725120484828949
466,466,0.016922217677528096,0.9929203987121582,0.8733466863632202,0.0931873470544815,0.9791023135185242,0.7313862442970276
467,467,0.01708188601116653,0.9928305149078369,0.8823980689048767,0.0945315882563591,0.9790813326835632,0.728857696056366
468,468,0.017433414636308535,0.9926882982254028,0.8664857149124146,0.08690519630908966,0.9794841408729553,0.7262555956840515
469,469,0.017394025948361466,0.9927128553390503,0.8833999037742615,0.0898224413394928,0.9789162278175354,0.7250624895095825
470,470,0.01754118350572753,0.992618978023529,0.8752569556236267,0.09521441906690598,0.9784606695175171,0.711212694644928
471,471,0.018514035633765722,0.992205023765564,0.8698030114173889,0.09408549219369888,0.9783648252487183,0.7163164019584656
472,472,0.0180971669567906,0.992392361164093,0.8581238985061646,0.08366277068853378,0.9791766405105591,0.7181618213653564
473,473,0.018512181757108108,0.9922361373901367,0.8719039559364319,0.0908442810177803,0.9785537123680115,0.7089776992797852
474,474,0.02074660768629399,0.9912596344947815,0.8447389006614685,0.08019505441188812,0.9782405495643616,0.7126925587654114
475,475,0.01944064841622187,0.991824209690094,0.8522863388061523,0.08649305999279022,0.9790819883346558,0.7168270349502563
476,476,0.01762250166958578,0.992601752281189,0.8734384179115295,0.0925234705209732,0.9787801504135132,0.7229974269866943
477,477,0.01700826799046167,0.9928839206695557,0.8780805468559265,0.08487720042467117,0.9793548583984375,0.731428861618042
478,478,0.016118456577674013,0.9932776093482971,0.8793683052062988,0.08700275421142578,0.9796808958053589,0.7302218079566956
479,479,0.015992476191634537,0.9933245778083801,0.8905827403068542,0.09491261839866638,0.9794290065765381,0.7339876890182495
480,480,0.016586057920554034,0.993049144744873,0.8842974901199341,0.08385071903467178,0.9796797037124634,0.7279363870620728
481,481,0.01797839507586711,0.9924607872962952,0.875920832157135,0.09319177269935608,0.9792046546936035,0.7271540760993958
482,482,0.017749098424506206,0.9925448298454285,0.8705416321754456,0.08092353492975235,0.9791959524154663,0.6779311895370483
483,483,0.017835400024162087,0.9925004243850708,0.8659514784812927,0.08547929674386978,0.9784114956855774,0.7211145162582397
484,484,0.01742631534923534,0.9926795363426208,0.875714123249054,0.08667371422052383,0.9791092872619629,0.7001090049743652
485,485,0.017417865700823452,0.9926902651786804,0.8662205338478088,0.08301684260368347,0.9788687229156494,0.710163414478302
486,486,0.018161041214689717,0.9923757910728455,0.8708762526512146,0.08294982463121414,0.9792913198471069,0.7256699800491333
487,487,0.01811474556973572,0.9923865795135498,0.8573613166809082,0.09401100873947144,0.9786619544029236,0.7120078802108765
488,488,0.018228393167215147,0.9923254251480103,0.8592360019683838,0.08239759504795074,0.9799104332923889,0.7256960868835449
489,489,0.018054609129899875,0.9923958778381348,0.8795109391212463,0.0837860256433487,0.9789103269577026,0.7185964584350586
490,490,0.017277685397006373,0.9927593469619751,0.8665608167648315,0.08881041407585144,0.9796006083488464,0.7313584089279175
491,491,0.016555369883833056,0.9930719137191772,0.8912144303321838,0.0931033343076706,0.9791302680969238,0.7331768274307251
492,492,0.015967266574800004,0.9933307766914368,0.8883609175682068,0.08828385919332504,0.9791050553321838,0.7338270545005798
493,493,0.01565211271068643,0.993466317653656,0.8857293725013733,0.08924983441829681,0.9800435900688171,0.7346614003181458
494,494,0.016255287485810534,0.9931883215904236,0.8841395378112793,0.08769134432077408,0.9793106913566589,0.730883002281189
495,495,0.0166500105304029,0.9930160641670227,0.8742872476577759,0.09603724628686905,0.978982150554657,0.715641975402832
496,496,0.017038881196975664,0.9928373098373413,0.874112069606781,0.08808764815330505,0.9792994856834412,0.7163983583450317
497,497,0.017436527858089555,0.9926608204841614,0.8842143416404724,0.09339134395122528,0.9791392087936401,0.7145105600357056
498,498,0.018490555543505066,0.9922309517860413,0.8558759689331055,0.08302959054708481,0.9787014722824097,0.7143281698226929
499,499,0.01889918416792077,0.9920578002929688,0.8734062314033508,0.0839964896440506,0.9791635274887085,0.7168797850608826
